name,type,direction,description
chembl1075104,float,high,Predicted probability of binding to protein CHEMBL1075104
chembl1075110,float,high,Predicted probability of binding to protein CHEMBL1075110
chembl1075126,float,high,Predicted probability of binding to protein CHEMBL1075126
chembl1075138,float,high,Predicted probability of binding to protein CHEMBL1075138
chembl1075145,float,high,Predicted probability of binding to protein CHEMBL1075145
chembl1075189,float,high,Predicted probability of binding to protein CHEMBL1075189
chembl1075232,float,high,Predicted probability of binding to protein CHEMBL1075232
chembl1075317,float,high,Predicted probability of binding to protein CHEMBL1075317
chembl1163101,float,high,Predicted probability of binding to protein CHEMBL1163101
chembl1163125,float,high,Predicted probability of binding to protein CHEMBL1163125
chembl1250348,float,high,Predicted probability of binding to protein CHEMBL1250348
chembl1255150,float,high,Predicted probability of binding to protein CHEMBL1255150
chembl1287622,float,high,Predicted probability of binding to protein CHEMBL1287622
chembl1293224,float,high,Predicted probability of binding to protein CHEMBL1293224
chembl1293226,float,high,Predicted probability of binding to protein CHEMBL1293226
chembl1293231,float,high,Predicted probability of binding to protein CHEMBL1293231
chembl1293232,float,high,Predicted probability of binding to protein CHEMBL1293232
chembl1293237,float,high,Predicted probability of binding to protein CHEMBL1293237
chembl1293255,float,high,Predicted probability of binding to protein CHEMBL1293255
chembl1293277,float,high,Predicted probability of binding to protein CHEMBL1293277
chembl1293289,float,high,Predicted probability of binding to protein CHEMBL1293289
chembl1293299,float,high,Predicted probability of binding to protein CHEMBL1293299
chembl1741186,float,high,Predicted probability of binding to protein CHEMBL1741186
chembl1744525,float,high,Predicted probability of binding to protein CHEMBL1744525
chembl1781,float,high,Predicted probability of binding to protein CHEMBL1781
chembl1782,float,high,Predicted probability of binding to protein CHEMBL1782
chembl1784,float,high,Predicted probability of binding to protein CHEMBL1784
chembl1785,float,high,Predicted probability of binding to protein CHEMBL1785
chembl1790,float,high,Predicted probability of binding to protein CHEMBL1790
chembl1792,float,high,Predicted probability of binding to protein CHEMBL1792
chembl1795086,float,high,Predicted probability of binding to protein CHEMBL1795086
chembl1795116,float,high,Predicted probability of binding to protein CHEMBL1795116
chembl1800,float,high,Predicted probability of binding to protein CHEMBL1800
chembl1801,float,high,Predicted probability of binding to protein CHEMBL1801
chembl1804,float,high,Predicted probability of binding to protein CHEMBL1804
chembl1808,float,high,Predicted probability of binding to protein CHEMBL1808
chembl1811,float,high,Predicted probability of binding to protein CHEMBL1811
chembl1821,float,high,Predicted probability of binding to protein CHEMBL1821
chembl1824,float,high,Predicted probability of binding to protein CHEMBL1824
chembl1825,float,high,Predicted probability of binding to protein CHEMBL1825
chembl1827,float,high,Predicted probability of binding to protein CHEMBL1827
chembl1829,float,high,Predicted probability of binding to protein CHEMBL1829
chembl1833,float,high,Predicted probability of binding to protein CHEMBL1833
chembl1835,float,high,Predicted probability of binding to protein CHEMBL1835
chembl1836,float,high,Predicted probability of binding to protein CHEMBL1836
chembl1844,float,high,Predicted probability of binding to protein CHEMBL1844
chembl1849,float,high,Predicted probability of binding to protein CHEMBL1849
chembl1850,float,high,Predicted probability of binding to protein CHEMBL1850
chembl1853,float,high,Predicted probability of binding to protein CHEMBL1853
chembl1855,float,high,Predicted probability of binding to protein CHEMBL1855
chembl1860,float,high,Predicted probability of binding to protein CHEMBL1860
chembl1862,float,high,Predicted probability of binding to protein CHEMBL1862
chembl1865,float,high,Predicted probability of binding to protein CHEMBL1865
chembl1867,float,high,Predicted probability of binding to protein CHEMBL1867
chembl1868,float,high,Predicted probability of binding to protein CHEMBL1868
chembl1871,float,high,Predicted probability of binding to protein CHEMBL1871
chembl1875,float,high,Predicted probability of binding to protein CHEMBL1875
chembl1878,float,high,Predicted probability of binding to protein CHEMBL1878
chembl1881,float,high,Predicted probability of binding to protein CHEMBL1881
chembl1889,float,high,Predicted probability of binding to protein CHEMBL1889
chembl1898,float,high,Predicted probability of binding to protein CHEMBL1898
chembl1900,float,high,Predicted probability of binding to protein CHEMBL1900
chembl1901,float,high,Predicted probability of binding to protein CHEMBL1901
chembl1902,float,high,Predicted probability of binding to protein CHEMBL1902
chembl1906,float,high,Predicted probability of binding to protein CHEMBL1906
chembl1907,float,high,Predicted probability of binding to protein CHEMBL1907
chembl1908,float,high,Predicted probability of binding to protein CHEMBL1908
chembl1908389,float,high,Predicted probability of binding to protein CHEMBL1908389
chembl1913,float,high,Predicted probability of binding to protein CHEMBL1913
chembl1914,float,high,Predicted probability of binding to protein CHEMBL1914
chembl1916,float,high,Predicted probability of binding to protein CHEMBL1916
chembl1917,float,high,Predicted probability of binding to protein CHEMBL1917
chembl1921,float,high,Predicted probability of binding to protein CHEMBL1921
chembl1926,float,high,Predicted probability of binding to protein CHEMBL1926
chembl1929,float,high,Predicted probability of binding to protein CHEMBL1929
chembl1936,float,high,Predicted probability of binding to protein CHEMBL1936
chembl1937,float,high,Predicted probability of binding to protein CHEMBL1937
chembl1942,float,high,Predicted probability of binding to protein CHEMBL1942
chembl1944,float,high,Predicted probability of binding to protein CHEMBL1944
chembl1945,float,high,Predicted probability of binding to protein CHEMBL1945
chembl1946,float,high,Predicted probability of binding to protein CHEMBL1946
chembl1947,float,high,Predicted probability of binding to protein CHEMBL1947
chembl1951,float,high,Predicted probability of binding to protein CHEMBL1951
chembl1952,float,high,Predicted probability of binding to protein CHEMBL1952
chembl1955,float,high,Predicted probability of binding to protein CHEMBL1955
chembl1957,float,high,Predicted probability of binding to protein CHEMBL1957
chembl1963,float,high,Predicted probability of binding to protein CHEMBL1963
chembl1966,float,high,Predicted probability of binding to protein CHEMBL1966
chembl1968,float,high,Predicted probability of binding to protein CHEMBL1968
chembl1974,float,high,Predicted probability of binding to protein CHEMBL1974
chembl1977,float,high,Predicted probability of binding to protein CHEMBL1977
chembl1978,float,high,Predicted probability of binding to protein CHEMBL1978
chembl1980,float,high,Predicted probability of binding to protein CHEMBL1980
chembl1983,float,high,Predicted probability of binding to protein CHEMBL1983
chembl1985,float,high,Predicted probability of binding to protein CHEMBL1985
chembl1991,float,high,Predicted probability of binding to protein CHEMBL1991
chembl1994,float,high,Predicted probability of binding to protein CHEMBL1994
chembl1995,float,high,Predicted probability of binding to protein CHEMBL1995
chembl2000,float,high,Predicted probability of binding to protein CHEMBL2000
chembl2001,float,high,Predicted probability of binding to protein CHEMBL2001
chembl2002,float,high,Predicted probability of binding to protein CHEMBL2002
chembl2003,float,high,Predicted probability of binding to protein CHEMBL2003
chembl2007,float,high,Predicted probability of binding to protein CHEMBL2007
chembl2007625,float,high,Predicted probability of binding to protein CHEMBL2007625
chembl2008,float,high,Predicted probability of binding to protein CHEMBL2008
chembl2010631,float,high,Predicted probability of binding to protein CHEMBL2010631
chembl2014,float,high,Predicted probability of binding to protein CHEMBL2014
chembl2016,float,high,Predicted probability of binding to protein CHEMBL2016
chembl202,float,high,Predicted probability of binding to protein CHEMBL202
chembl2026,float,high,Predicted probability of binding to protein CHEMBL2026
chembl2028,float,high,Predicted probability of binding to protein CHEMBL2028
chembl203,float,high,Predicted probability of binding to protein CHEMBL203
chembl2034,float,high,Predicted probability of binding to protein CHEMBL2034
chembl2035,float,high,Predicted probability of binding to protein CHEMBL2035
chembl2039,float,high,Predicted probability of binding to protein CHEMBL2039
chembl204,float,high,Predicted probability of binding to protein CHEMBL204
chembl2041,float,high,Predicted probability of binding to protein CHEMBL2041
chembl2047,float,high,Predicted probability of binding to protein CHEMBL2047
chembl2049,float,high,Predicted probability of binding to protein CHEMBL2049
chembl205,float,high,Predicted probability of binding to protein CHEMBL205
chembl2051,float,high,Predicted probability of binding to protein CHEMBL2051
chembl2056,float,high,Predicted probability of binding to protein CHEMBL2056
chembl206,float,high,Predicted probability of binding to protein CHEMBL206
chembl2061,float,high,Predicted probability of binding to protein CHEMBL2061
chembl2069,float,high,Predicted probability of binding to protein CHEMBL2069
chembl208,float,high,Predicted probability of binding to protein CHEMBL208
chembl2083,float,high,Predicted probability of binding to protein CHEMBL2083
chembl209,float,high,Predicted probability of binding to protein CHEMBL209
chembl210,float,high,Predicted probability of binding to protein CHEMBL210
chembl2107,float,high,Predicted probability of binding to protein CHEMBL2107
chembl211,float,high,Predicted probability of binding to protein CHEMBL211
chembl213,float,high,Predicted probability of binding to protein CHEMBL213
chembl214,float,high,Predicted probability of binding to protein CHEMBL214
chembl2146302,float,high,Predicted probability of binding to protein CHEMBL2146302
chembl2147,float,high,Predicted probability of binding to protein CHEMBL2147
chembl2148,float,high,Predicted probability of binding to protein CHEMBL2148
chembl215,float,high,Predicted probability of binding to protein CHEMBL215
chembl216,float,high,Predicted probability of binding to protein CHEMBL216
chembl217,float,high,Predicted probability of binding to protein CHEMBL217
chembl2176771,float,high,Predicted probability of binding to protein CHEMBL2176771
chembl2179,float,high,Predicted probability of binding to protein CHEMBL2179
chembl218,float,high,Predicted probability of binding to protein CHEMBL218
chembl2185,float,high,Predicted probability of binding to protein CHEMBL2185
chembl219,float,high,Predicted probability of binding to protein CHEMBL219
chembl220,float,high,Predicted probability of binding to protein CHEMBL220
chembl2207,float,high,Predicted probability of binding to protein CHEMBL2207
chembl2208,float,high,Predicted probability of binding to protein CHEMBL2208
chembl221,float,high,Predicted probability of binding to protein CHEMBL221
chembl222,float,high,Predicted probability of binding to protein CHEMBL222
chembl223,float,high,Predicted probability of binding to protein CHEMBL223
chembl2231,float,high,Predicted probability of binding to protein CHEMBL2231
chembl224,float,high,Predicted probability of binding to protein CHEMBL224
chembl2243,float,high,Predicted probability of binding to protein CHEMBL2243
chembl225,float,high,Predicted probability of binding to protein CHEMBL225
chembl226,float,high,Predicted probability of binding to protein CHEMBL226
chembl2265,float,high,Predicted probability of binding to protein CHEMBL2265
chembl227,float,high,Predicted probability of binding to protein CHEMBL227
chembl2274,float,high,Predicted probability of binding to protein CHEMBL2274
chembl2276,float,high,Predicted probability of binding to protein CHEMBL2276
chembl228,float,high,Predicted probability of binding to protein CHEMBL228
chembl2285,float,high,Predicted probability of binding to protein CHEMBL2285
chembl229,float,high,Predicted probability of binding to protein CHEMBL229
chembl2292,float,high,Predicted probability of binding to protein CHEMBL2292
chembl230,float,high,Predicted probability of binding to protein CHEMBL230
chembl2304404,float,high,Predicted probability of binding to protein CHEMBL2304404
chembl231,float,high,Predicted probability of binding to protein CHEMBL231
chembl2311243,float,high,Predicted probability of binding to protein CHEMBL2311243
chembl2318,float,high,Predicted probability of binding to protein CHEMBL2318
chembl232,float,high,Predicted probability of binding to protein CHEMBL232
chembl2326,float,high,Predicted probability of binding to protein CHEMBL2326
chembl2327,float,high,Predicted probability of binding to protein CHEMBL2327
chembl233,float,high,Predicted probability of binding to protein CHEMBL233
chembl2334,float,high,Predicted probability of binding to protein CHEMBL2334
chembl2336,float,high,Predicted probability of binding to protein CHEMBL2336
chembl2337,float,high,Predicted probability of binding to protein CHEMBL2337
chembl234,float,high,Predicted probability of binding to protein CHEMBL234
chembl2345,float,high,Predicted probability of binding to protein CHEMBL2345
chembl235,float,high,Predicted probability of binding to protein CHEMBL235
chembl236,float,high,Predicted probability of binding to protein CHEMBL236
chembl2363,float,high,Predicted probability of binding to protein CHEMBL2363
chembl2366505,float,high,Predicted probability of binding to protein CHEMBL2366505
chembl2366516,float,high,Predicted probability of binding to protein CHEMBL2366516
chembl2366517,float,high,Predicted probability of binding to protein CHEMBL2366517
chembl237,float,high,Predicted probability of binding to protein CHEMBL237
chembl2373,float,high,Predicted probability of binding to protein CHEMBL2373
chembl238,float,high,Predicted probability of binding to protein CHEMBL238
chembl239,float,high,Predicted probability of binding to protein CHEMBL239
chembl2392,float,high,Predicted probability of binding to protein CHEMBL2392
chembl240,float,high,Predicted probability of binding to protein CHEMBL240
chembl2409,float,high,Predicted probability of binding to protein CHEMBL2409
chembl241,float,high,Predicted probability of binding to protein CHEMBL241
chembl2413,float,high,Predicted probability of binding to protein CHEMBL2413
chembl2414,float,high,Predicted probability of binding to protein CHEMBL2414
chembl242,float,high,Predicted probability of binding to protein CHEMBL242
chembl2425,float,high,Predicted probability of binding to protein CHEMBL2425
chembl243,float,high,Predicted probability of binding to protein CHEMBL243
chembl2431,float,high,Predicted probability of binding to protein CHEMBL2431
chembl2434,float,high,Predicted probability of binding to protein CHEMBL2434
chembl244,float,high,Predicted probability of binding to protein CHEMBL244
chembl245,float,high,Predicted probability of binding to protein CHEMBL245
chembl246,float,high,Predicted probability of binding to protein CHEMBL246
chembl247,float,high,Predicted probability of binding to protein CHEMBL247
chembl248,float,high,Predicted probability of binding to protein CHEMBL248
chembl2487,float,high,Predicted probability of binding to protein CHEMBL2487
chembl249,float,high,Predicted probability of binding to protein CHEMBL249
chembl2492,float,high,Predicted probability of binding to protein CHEMBL2492
chembl250,float,high,Predicted probability of binding to protein CHEMBL250
chembl2508,float,high,Predicted probability of binding to protein CHEMBL2508
chembl251,float,high,Predicted probability of binding to protein CHEMBL251
chembl252,float,high,Predicted probability of binding to protein CHEMBL252
chembl2525,float,high,Predicted probability of binding to protein CHEMBL2525
chembl2527,float,high,Predicted probability of binding to protein CHEMBL2527
chembl253,float,high,Predicted probability of binding to protein CHEMBL253
chembl2534,float,high,Predicted probability of binding to protein CHEMBL2534
chembl254,float,high,Predicted probability of binding to protein CHEMBL254
chembl255,float,high,Predicted probability of binding to protein CHEMBL255
chembl256,float,high,Predicted probability of binding to protein CHEMBL256
chembl2564,float,high,Predicted probability of binding to protein CHEMBL2564
chembl2568,float,high,Predicted probability of binding to protein CHEMBL2568
chembl257,float,high,Predicted probability of binding to protein CHEMBL257
chembl2575,float,high,Predicted probability of binding to protein CHEMBL2575
chembl258,float,high,Predicted probability of binding to protein CHEMBL258
chembl2581,float,high,Predicted probability of binding to protein CHEMBL2581
chembl259,float,high,Predicted probability of binding to protein CHEMBL259
chembl2590,float,high,Predicted probability of binding to protein CHEMBL2590
chembl2599,float,high,Predicted probability of binding to protein CHEMBL2599
chembl260,float,high,Predicted probability of binding to protein CHEMBL260
chembl2608,float,high,Predicted probability of binding to protein CHEMBL2608
chembl261,float,high,Predicted probability of binding to protein CHEMBL261
chembl262,float,high,Predicted probability of binding to protein CHEMBL262
chembl2622,float,high,Predicted probability of binding to protein CHEMBL2622
chembl263,float,high,Predicted probability of binding to protein CHEMBL263
chembl2637,float,high,Predicted probability of binding to protein CHEMBL2637
chembl264,float,high,Predicted probability of binding to protein CHEMBL264
chembl265,float,high,Predicted probability of binding to protein CHEMBL265
chembl2652,float,high,Predicted probability of binding to protein CHEMBL2652
chembl267,float,high,Predicted probability of binding to protein CHEMBL267
chembl268,float,high,Predicted probability of binding to protein CHEMBL268
chembl269,float,high,Predicted probability of binding to protein CHEMBL269
chembl2695,float,high,Predicted probability of binding to protein CHEMBL2695
chembl270,float,high,Predicted probability of binding to protein CHEMBL270
chembl273,float,high,Predicted probability of binding to protein CHEMBL273
chembl2730,float,high,Predicted probability of binding to protein CHEMBL2730
chembl2736,float,high,Predicted probability of binding to protein CHEMBL2736
chembl274,float,high,Predicted probability of binding to protein CHEMBL274
chembl2742,float,high,Predicted probability of binding to protein CHEMBL2742
chembl275,float,high,Predicted probability of binding to protein CHEMBL275
chembl2756,float,high,Predicted probability of binding to protein CHEMBL2756
chembl276,float,high,Predicted probability of binding to protein CHEMBL276
chembl2781,float,high,Predicted probability of binding to protein CHEMBL2781
chembl2782,float,high,Predicted probability of binding to protein CHEMBL2782
chembl2789,float,high,Predicted probability of binding to protein CHEMBL2789
chembl279,float,high,Predicted probability of binding to protein CHEMBL279
chembl280,float,high,Predicted probability of binding to protein CHEMBL280
chembl2808,float,high,Predicted probability of binding to protein CHEMBL2808
chembl2815,float,high,Predicted probability of binding to protein CHEMBL2815
chembl2820,float,high,Predicted probability of binding to protein CHEMBL2820
chembl2828,float,high,Predicted probability of binding to protein CHEMBL2828
chembl283,float,high,Predicted probability of binding to protein CHEMBL283
chembl2835,float,high,Predicted probability of binding to protein CHEMBL2835
chembl284,float,high,Predicted probability of binding to protein CHEMBL284
chembl2842,float,high,Predicted probability of binding to protein CHEMBL2842
chembl285,float,high,Predicted probability of binding to protein CHEMBL285
chembl2850,float,high,Predicted probability of binding to protein CHEMBL2850
chembl2851,float,high,Predicted probability of binding to protein CHEMBL2851
chembl2854,float,high,Predicted probability of binding to protein CHEMBL2854
chembl2857,float,high,Predicted probability of binding to protein CHEMBL2857
chembl2858,float,high,Predicted probability of binding to protein CHEMBL2858
chembl286,float,high,Predicted probability of binding to protein CHEMBL286
chembl2868,float,high,Predicted probability of binding to protein CHEMBL2868
chembl287,float,high,Predicted probability of binding to protein CHEMBL287
chembl2871,float,high,Predicted probability of binding to protein CHEMBL2871
chembl288,float,high,Predicted probability of binding to protein CHEMBL288
chembl289,float,high,Predicted probability of binding to protein CHEMBL289
chembl2902,float,high,Predicted probability of binding to protein CHEMBL2902
chembl2903,float,high,Predicted probability of binding to protein CHEMBL2903
chembl2916,float,high,Predicted probability of binding to protein CHEMBL2916
chembl2949,float,high,Predicted probability of binding to protein CHEMBL2949
chembl2954,float,high,Predicted probability of binding to protein CHEMBL2954
chembl2955,float,high,Predicted probability of binding to protein CHEMBL2955
chembl2959,float,high,Predicted probability of binding to protein CHEMBL2959
chembl2966,float,high,Predicted probability of binding to protein CHEMBL2966
chembl2971,float,high,Predicted probability of binding to protein CHEMBL2971
chembl2973,float,high,Predicted probability of binding to protein CHEMBL2973
chembl298,float,high,Predicted probability of binding to protein CHEMBL298
chembl299,float,high,Predicted probability of binding to protein CHEMBL299
chembl2993,float,high,Predicted probability of binding to protein CHEMBL2993
chembl2996,float,high,Predicted probability of binding to protein CHEMBL2996
chembl3004,float,high,Predicted probability of binding to protein CHEMBL3004
chembl301,float,high,Predicted probability of binding to protein CHEMBL301
chembl3012,float,high,Predicted probability of binding to protein CHEMBL3012
chembl302,float,high,Predicted probability of binding to protein CHEMBL302
chembl3024,float,high,Predicted probability of binding to protein CHEMBL3024
chembl3025,float,high,Predicted probability of binding to protein CHEMBL3025
chembl3028,float,high,Predicted probability of binding to protein CHEMBL3028
chembl3037,float,high,Predicted probability of binding to protein CHEMBL3037
chembl304,float,high,Predicted probability of binding to protein CHEMBL304
chembl3045,float,high,Predicted probability of binding to protein CHEMBL3045
chembl3048,float,high,Predicted probability of binding to protein CHEMBL3048
chembl3066,float,high,Predicted probability of binding to protein CHEMBL3066
chembl3072,float,high,Predicted probability of binding to protein CHEMBL3072
chembl308,float,high,Predicted probability of binding to protein CHEMBL308
chembl3081,float,high,Predicted probability of binding to protein CHEMBL3081
chembl309,float,high,Predicted probability of binding to protein CHEMBL309
chembl3105,float,high,Predicted probability of binding to protein CHEMBL3105
chembl3116,float,high,Predicted probability of binding to protein CHEMBL3116
chembl312,float,high,Predicted probability of binding to protein CHEMBL312
chembl313,float,high,Predicted probability of binding to protein CHEMBL313
chembl3130,float,high,Predicted probability of binding to protein CHEMBL3130
chembl3138,float,high,Predicted probability of binding to protein CHEMBL3138
chembl3142,float,high,Predicted probability of binding to protein CHEMBL3142
chembl3145,float,high,Predicted probability of binding to protein CHEMBL3145
chembl315,float,high,Predicted probability of binding to protein CHEMBL315
chembl3155,float,high,Predicted probability of binding to protein CHEMBL3155
chembl3157,float,high,Predicted probability of binding to protein CHEMBL3157
chembl3160,float,high,Predicted probability of binding to protein CHEMBL3160
chembl318,float,high,Predicted probability of binding to protein CHEMBL318
chembl3181,float,high,Predicted probability of binding to protein CHEMBL3181
chembl319,float,high,Predicted probability of binding to protein CHEMBL319
chembl3192,float,high,Predicted probability of binding to protein CHEMBL3192
chembl3198,float,high,Predicted probability of binding to protein CHEMBL3198
chembl3199,float,high,Predicted probability of binding to protein CHEMBL3199
chembl3202,float,high,Predicted probability of binding to protein CHEMBL3202
chembl321,float,high,Predicted probability of binding to protein CHEMBL321
chembl322,float,high,Predicted probability of binding to protein CHEMBL322
chembl3222,float,high,Predicted probability of binding to protein CHEMBL3222
chembl3223,float,high,Predicted probability of binding to protein CHEMBL3223
chembl3227,float,high,Predicted probability of binding to protein CHEMBL3227
chembl3229,float,high,Predicted probability of binding to protein CHEMBL3229
chembl3230,float,high,Predicted probability of binding to protein CHEMBL3230
chembl3231,float,high,Predicted probability of binding to protein CHEMBL3231
chembl3234,float,high,Predicted probability of binding to protein CHEMBL3234
chembl324,float,high,Predicted probability of binding to protein CHEMBL324
chembl3242,float,high,Predicted probability of binding to protein CHEMBL3242
chembl3247,float,high,Predicted probability of binding to protein CHEMBL3247
chembl325,float,high,Predicted probability of binding to protein CHEMBL325
chembl3251,float,high,Predicted probability of binding to protein CHEMBL3251
chembl326,float,high,Predicted probability of binding to protein CHEMBL326
chembl3267,float,high,Predicted probability of binding to protein CHEMBL3267
chembl3268,float,high,Predicted probability of binding to protein CHEMBL3268
chembl3286,float,high,Predicted probability of binding to protein CHEMBL3286
chembl3308,float,high,Predicted probability of binding to protein CHEMBL3308
chembl331,float,high,Predicted probability of binding to protein CHEMBL331
chembl3310,float,high,Predicted probability of binding to protein CHEMBL3310
chembl3318,float,high,Predicted probability of binding to protein CHEMBL3318
chembl332,float,high,Predicted probability of binding to protein CHEMBL332
chembl333,float,high,Predicted probability of binding to protein CHEMBL333
chembl335,float,high,Predicted probability of binding to protein CHEMBL335
chembl3351,float,high,Predicted probability of binding to protein CHEMBL3351
chembl3356,float,high,Predicted probability of binding to protein CHEMBL3356
chembl3358,float,high,Predicted probability of binding to protein CHEMBL3358
chembl3360,float,high,Predicted probability of binding to protein CHEMBL3360
chembl3371,float,high,Predicted probability of binding to protein CHEMBL3371
chembl3374,float,high,Predicted probability of binding to protein CHEMBL3374
chembl338,float,high,Predicted probability of binding to protein CHEMBL338
chembl339,float,high,Predicted probability of binding to protein CHEMBL339
chembl3392948,float,high,Predicted probability of binding to protein CHEMBL3392948
chembl3397,float,high,Predicted probability of binding to protein CHEMBL3397
chembl340,float,high,Predicted probability of binding to protein CHEMBL340
chembl3426,float,high,Predicted probability of binding to protein CHEMBL3426
chembl344,float,high,Predicted probability of binding to protein CHEMBL344
chembl3464,float,high,Predicted probability of binding to protein CHEMBL3464
chembl3468,float,high,Predicted probability of binding to protein CHEMBL3468
chembl3471,float,high,Predicted probability of binding to protein CHEMBL3471
chembl3473,float,high,Predicted probability of binding to protein CHEMBL3473
chembl3474,float,high,Predicted probability of binding to protein CHEMBL3474
chembl3486,float,high,Predicted probability of binding to protein CHEMBL3486
chembl3501,float,high,Predicted probability of binding to protein CHEMBL3501
chembl3508,float,high,Predicted probability of binding to protein CHEMBL3508
chembl3510,float,high,Predicted probability of binding to protein CHEMBL3510
chembl3524,float,high,Predicted probability of binding to protein CHEMBL3524
chembl3529,float,high,Predicted probability of binding to protein CHEMBL3529
chembl3553,float,high,Predicted probability of binding to protein CHEMBL3553
chembl3559,float,high,Predicted probability of binding to protein CHEMBL3559
chembl3563,float,high,Predicted probability of binding to protein CHEMBL3563
chembl3568,float,high,Predicted probability of binding to protein CHEMBL3568
chembl3571,float,high,Predicted probability of binding to protein CHEMBL3571
chembl3572,float,high,Predicted probability of binding to protein CHEMBL3572
chembl3577,float,high,Predicted probability of binding to protein CHEMBL3577
chembl3582,float,high,Predicted probability of binding to protein CHEMBL3582
chembl3587,float,high,Predicted probability of binding to protein CHEMBL3587
chembl3589,float,high,Predicted probability of binding to protein CHEMBL3589
chembl3594,float,high,Predicted probability of binding to protein CHEMBL3594
chembl3602,float,high,Predicted probability of binding to protein CHEMBL3602
chembl3614,float,high,Predicted probability of binding to protein CHEMBL3614
chembl3616,float,high,Predicted probability of binding to protein CHEMBL3616
chembl3622,float,high,Predicted probability of binding to protein CHEMBL3622
chembl3629,float,high,Predicted probability of binding to protein CHEMBL3629
chembl3638344,float,high,Predicted probability of binding to protein CHEMBL3638344
chembl3649,float,high,Predicted probability of binding to protein CHEMBL3649
chembl3650,float,high,Predicted probability of binding to protein CHEMBL3650
chembl3663,float,high,Predicted probability of binding to protein CHEMBL3663
chembl3687,float,high,Predicted probability of binding to protein CHEMBL3687
chembl3691,float,high,Predicted probability of binding to protein CHEMBL3691
chembl3706,float,high,Predicted probability of binding to protein CHEMBL3706
chembl3710,float,high,Predicted probability of binding to protein CHEMBL3710
chembl3713062,float,high,Predicted probability of binding to protein CHEMBL3713062
chembl3714130,float,high,Predicted probability of binding to protein CHEMBL3714130
chembl3717,float,high,Predicted probability of binding to protein CHEMBL3717
chembl3719,float,high,Predicted probability of binding to protein CHEMBL3719
chembl3729,float,high,Predicted probability of binding to protein CHEMBL3729
chembl3759,float,high,Predicted probability of binding to protein CHEMBL3759
chembl3764,float,high,Predicted probability of binding to protein CHEMBL3764
chembl3766,float,high,Predicted probability of binding to protein CHEMBL3766
chembl3769,float,high,Predicted probability of binding to protein CHEMBL3769
chembl3772,float,high,Predicted probability of binding to protein CHEMBL3772
chembl3776,float,high,Predicted probability of binding to protein CHEMBL3776
chembl3778,float,high,Predicted probability of binding to protein CHEMBL3778
chembl3785,float,high,Predicted probability of binding to protein CHEMBL3785
chembl3788,float,high,Predicted probability of binding to protein CHEMBL3788
chembl3795,float,high,Predicted probability of binding to protein CHEMBL3795
chembl3797,float,high,Predicted probability of binding to protein CHEMBL3797
chembl3798,float,high,Predicted probability of binding to protein CHEMBL3798
chembl3807,float,high,Predicted probability of binding to protein CHEMBL3807
chembl3815,float,high,Predicted probability of binding to protein CHEMBL3815
chembl3816,float,high,Predicted probability of binding to protein CHEMBL3816
chembl3819,float,high,Predicted probability of binding to protein CHEMBL3819
chembl3820,float,high,Predicted probability of binding to protein CHEMBL3820
chembl3833,float,high,Predicted probability of binding to protein CHEMBL3833
chembl3837,float,high,Predicted probability of binding to protein CHEMBL3837
chembl3869,float,high,Predicted probability of binding to protein CHEMBL3869
chembl3880,float,high,Predicted probability of binding to protein CHEMBL3880
chembl3884,float,high,Predicted probability of binding to protein CHEMBL3884
chembl3891,float,high,Predicted probability of binding to protein CHEMBL3891
chembl3892,float,high,Predicted probability of binding to protein CHEMBL3892
chembl3905,float,high,Predicted probability of binding to protein CHEMBL3905
chembl3906,float,high,Predicted probability of binding to protein CHEMBL3906
chembl3910,float,high,Predicted probability of binding to protein CHEMBL3910
chembl3911,float,high,Predicted probability of binding to protein CHEMBL3911
chembl3920,float,high,Predicted probability of binding to protein CHEMBL3920
chembl3921,float,high,Predicted probability of binding to protein CHEMBL3921
chembl3922,float,high,Predicted probability of binding to protein CHEMBL3922
chembl3943,float,high,Predicted probability of binding to protein CHEMBL3943
chembl3948,float,high,Predicted probability of binding to protein CHEMBL3948
chembl3949,float,high,Predicted probability of binding to protein CHEMBL3949
chembl3952,float,high,Predicted probability of binding to protein CHEMBL3952
chembl3959,float,high,Predicted probability of binding to protein CHEMBL3959
chembl3969,float,high,Predicted probability of binding to protein CHEMBL3969
chembl3973,float,high,Predicted probability of binding to protein CHEMBL3973
chembl3974,float,high,Predicted probability of binding to protein CHEMBL3974
chembl3975,float,high,Predicted probability of binding to protein CHEMBL3975
chembl3976,float,high,Predicted probability of binding to protein CHEMBL3976
chembl3979,float,high,Predicted probability of binding to protein CHEMBL3979
chembl3983,float,high,Predicted probability of binding to protein CHEMBL3983
chembl3988583,float,high,Predicted probability of binding to protein CHEMBL3988583
chembl3991,float,high,Predicted probability of binding to protein CHEMBL3991
chembl3996,float,high,Predicted probability of binding to protein CHEMBL3996
chembl3998,float,high,Predicted probability of binding to protein CHEMBL3998
chembl4005,float,high,Predicted probability of binding to protein CHEMBL4005
chembl4015,float,high,Predicted probability of binding to protein CHEMBL4015
chembl4018,float,high,Predicted probability of binding to protein CHEMBL4018
chembl4026,float,high,Predicted probability of binding to protein CHEMBL4026
chembl4040,float,high,Predicted probability of binding to protein CHEMBL4040
chembl4068,float,high,Predicted probability of binding to protein CHEMBL4068
chembl4072,float,high,Predicted probability of binding to protein CHEMBL4072
chembl4073,float,high,Predicted probability of binding to protein CHEMBL4073
chembl4077,float,high,Predicted probability of binding to protein CHEMBL4077
chembl4078,float,high,Predicted probability of binding to protein CHEMBL4078
chembl4080,float,high,Predicted probability of binding to protein CHEMBL4080
chembl4093,float,high,Predicted probability of binding to protein CHEMBL4093
chembl4096,float,high,Predicted probability of binding to protein CHEMBL4096
chembl4102,float,high,Predicted probability of binding to protein CHEMBL4102
chembl4123,float,high,Predicted probability of binding to protein CHEMBL4123
chembl4124,float,high,Predicted probability of binding to protein CHEMBL4124
chembl4128,float,high,Predicted probability of binding to protein CHEMBL4128
chembl4130,float,high,Predicted probability of binding to protein CHEMBL4130
chembl4142,float,high,Predicted probability of binding to protein CHEMBL4142
chembl4143,float,high,Predicted probability of binding to protein CHEMBL4143
chembl4153,float,high,Predicted probability of binding to protein CHEMBL4153
chembl4158,float,high,Predicted probability of binding to protein CHEMBL4158
chembl4159,float,high,Predicted probability of binding to protein CHEMBL4159
chembl4179,float,high,Predicted probability of binding to protein CHEMBL4179
chembl4188,float,high,Predicted probability of binding to protein CHEMBL4188
chembl4191,float,high,Predicted probability of binding to protein CHEMBL4191
chembl4198,float,high,Predicted probability of binding to protein CHEMBL4198
chembl4203,float,high,Predicted probability of binding to protein CHEMBL4203
chembl4204,float,high,Predicted probability of binding to protein CHEMBL4204
chembl4227,float,high,Predicted probability of binding to protein CHEMBL4227
chembl4235,float,high,Predicted probability of binding to protein CHEMBL4235
chembl4247,float,high,Predicted probability of binding to protein CHEMBL4247
chembl4261,float,high,Predicted probability of binding to protein CHEMBL4261
chembl4282,float,high,Predicted probability of binding to protein CHEMBL4282
chembl4296,float,high,Predicted probability of binding to protein CHEMBL4296
chembl4296301,float,high,Predicted probability of binding to protein CHEMBL4296301
chembl4302,float,high,Predicted probability of binding to protein CHEMBL4302
chembl4303,float,high,Predicted probability of binding to protein CHEMBL4303
chembl4308,float,high,Predicted probability of binding to protein CHEMBL4308
chembl4315,float,high,Predicted probability of binding to protein CHEMBL4315
chembl4321,float,high,Predicted probability of binding to protein CHEMBL4321
chembl4333,float,high,Predicted probability of binding to protein CHEMBL4333
chembl4354,float,high,Predicted probability of binding to protein CHEMBL4354
chembl4361,float,high,Predicted probability of binding to protein CHEMBL4361
chembl4372,float,high,Predicted probability of binding to protein CHEMBL4372
chembl4393,float,high,Predicted probability of binding to protein CHEMBL4393
chembl4394,float,high,Predicted probability of binding to protein CHEMBL4394
chembl4409,float,high,Predicted probability of binding to protein CHEMBL4409
chembl4411,float,high,Predicted probability of binding to protein CHEMBL4411
chembl4414,float,high,Predicted probability of binding to protein CHEMBL4414
chembl4422,float,high,Predicted probability of binding to protein CHEMBL4422
chembl4427,float,high,Predicted probability of binding to protein CHEMBL4427
chembl4429,float,high,Predicted probability of binding to protein CHEMBL4429
chembl4439,float,high,Predicted probability of binding to protein CHEMBL4439
chembl4441,float,high,Predicted probability of binding to protein CHEMBL4441
chembl4462,float,high,Predicted probability of binding to protein CHEMBL4462
chembl4471,float,high,Predicted probability of binding to protein CHEMBL4471
chembl4477,float,high,Predicted probability of binding to protein CHEMBL4477
chembl4481,float,high,Predicted probability of binding to protein CHEMBL4481
chembl4489,float,high,Predicted probability of binding to protein CHEMBL4489
chembl4501,float,high,Predicted probability of binding to protein CHEMBL4501
chembl4506,float,high,Predicted probability of binding to protein CHEMBL4506
chembl4508,float,high,Predicted probability of binding to protein CHEMBL4508
chembl4523,float,high,Predicted probability of binding to protein CHEMBL4523
chembl4550,float,high,Predicted probability of binding to protein CHEMBL4550
chembl4561,float,high,Predicted probability of binding to protein CHEMBL4561
chembl4566,float,high,Predicted probability of binding to protein CHEMBL4566
chembl4578,float,high,Predicted probability of binding to protein CHEMBL4578
chembl4581,float,high,Predicted probability of binding to protein CHEMBL4581
chembl4588,float,high,Predicted probability of binding to protein CHEMBL4588
chembl4599,float,high,Predicted probability of binding to protein CHEMBL4599
chembl4607,float,high,Predicted probability of binding to protein CHEMBL4607
chembl4608,float,high,Predicted probability of binding to protein CHEMBL4608
chembl4616,float,high,Predicted probability of binding to protein CHEMBL4616
chembl4618,float,high,Predicted probability of binding to protein CHEMBL4618
chembl4625,float,high,Predicted probability of binding to protein CHEMBL4625
chembl4630,float,high,Predicted probability of binding to protein CHEMBL4630
chembl4644,float,high,Predicted probability of binding to protein CHEMBL4644
chembl4657,float,high,Predicted probability of binding to protein CHEMBL4657
chembl4662,float,high,Predicted probability of binding to protein CHEMBL4662
chembl4681,float,high,Predicted probability of binding to protein CHEMBL4681
chembl4685,float,high,Predicted probability of binding to protein CHEMBL4685
chembl4691,float,high,Predicted probability of binding to protein CHEMBL4691
chembl4722,float,high,Predicted probability of binding to protein CHEMBL4722
chembl4766,float,high,Predicted probability of binding to protein CHEMBL4766
chembl4768,float,high,Predicted probability of binding to protein CHEMBL4768
chembl4774,float,high,Predicted probability of binding to protein CHEMBL4774
chembl4777,float,high,Predicted probability of binding to protein CHEMBL4777
chembl4780,float,high,Predicted probability of binding to protein CHEMBL4780
chembl4789,float,high,Predicted probability of binding to protein CHEMBL4789
chembl4792,float,high,Predicted probability of binding to protein CHEMBL4792
chembl4793,float,high,Predicted probability of binding to protein CHEMBL4793
chembl4801,float,high,Predicted probability of binding to protein CHEMBL4801
chembl4816,float,high,Predicted probability of binding to protein CHEMBL4816
chembl4822,float,high,Predicted probability of binding to protein CHEMBL4822
chembl4829,float,high,Predicted probability of binding to protein CHEMBL4829
chembl4835,float,high,Predicted probability of binding to protein CHEMBL4835
chembl4893,float,high,Predicted probability of binding to protein CHEMBL4893
chembl4895,float,high,Predicted probability of binding to protein CHEMBL4895
chembl4898,float,high,Predicted probability of binding to protein CHEMBL4898
chembl4908,float,high,Predicted probability of binding to protein CHEMBL4908
chembl4937,float,high,Predicted probability of binding to protein CHEMBL4937
chembl4975,float,high,Predicted probability of binding to protein CHEMBL4975
chembl4979,float,high,Predicted probability of binding to protein CHEMBL4979
chembl4980,float,high,Predicted probability of binding to protein CHEMBL4980
chembl5017,float,high,Predicted probability of binding to protein CHEMBL5017
chembl5023,float,high,Predicted probability of binding to protein CHEMBL5023
chembl5024,float,high,Predicted probability of binding to protein CHEMBL5024
chembl5071,float,high,Predicted probability of binding to protein CHEMBL5071
chembl5076,float,high,Predicted probability of binding to protein CHEMBL5076
chembl5077,float,high,Predicted probability of binding to protein CHEMBL5077
chembl5103,float,high,Predicted probability of binding to protein CHEMBL5103
chembl5113,float,high,Predicted probability of binding to protein CHEMBL5113
chembl5136,float,high,Predicted probability of binding to protein CHEMBL5136
chembl5137,float,high,Predicted probability of binding to protein CHEMBL5137
chembl5145,float,high,Predicted probability of binding to protein CHEMBL5145
chembl5147,float,high,Predicted probability of binding to protein CHEMBL5147
chembl5162,float,high,Predicted probability of binding to protein CHEMBL5162
chembl5251,float,high,Predicted probability of binding to protein CHEMBL5251
chembl5263,float,high,Predicted probability of binding to protein CHEMBL5263
chembl5282,float,high,Predicted probability of binding to protein CHEMBL5282
chembl5331,float,high,Predicted probability of binding to protein CHEMBL5331
chembl5373,float,high,Predicted probability of binding to protein CHEMBL5373
chembl5375,float,high,Predicted probability of binding to protein CHEMBL5375
chembl5393,float,high,Predicted probability of binding to protein CHEMBL5393
chembl5407,float,high,Predicted probability of binding to protein CHEMBL5407
chembl5408,float,high,Predicted probability of binding to protein CHEMBL5408
chembl5409,float,high,Predicted probability of binding to protein CHEMBL5409
chembl5414,float,high,Predicted probability of binding to protein CHEMBL5414
chembl5441,float,high,Predicted probability of binding to protein CHEMBL5441
chembl5443,float,high,Predicted probability of binding to protein CHEMBL5443
chembl5462,float,high,Predicted probability of binding to protein CHEMBL5462
chembl5464,float,high,Predicted probability of binding to protein CHEMBL5464
chembl5469,float,high,Predicted probability of binding to protein CHEMBL5469
chembl5471,float,high,Predicted probability of binding to protein CHEMBL5471
chembl5491,float,high,Predicted probability of binding to protein CHEMBL5491
chembl5514,float,high,Predicted probability of binding to protein CHEMBL5514
chembl5567,float,high,Predicted probability of binding to protein CHEMBL5567
chembl5619,float,high,Predicted probability of binding to protein CHEMBL5619
chembl5645,float,high,Predicted probability of binding to protein CHEMBL5645
chembl5646,float,high,Predicted probability of binding to protein CHEMBL5646
chembl5652,float,high,Predicted probability of binding to protein CHEMBL5652
chembl5658,float,high,Predicted probability of binding to protein CHEMBL5658
chembl5697,float,high,Predicted probability of binding to protein CHEMBL5697
chembl5719,float,high,Predicted probability of binding to protein CHEMBL5719
chembl5747,float,high,Predicted probability of binding to protein CHEMBL5747
chembl5763,float,high,Predicted probability of binding to protein CHEMBL5763
chembl5805,float,high,Predicted probability of binding to protein CHEMBL5805
chembl5815,float,high,Predicted probability of binding to protein CHEMBL5815
chembl5879,float,high,Predicted probability of binding to protein CHEMBL5879
chembl5888,float,high,Predicted probability of binding to protein CHEMBL5888
chembl5896,float,high,Predicted probability of binding to protein CHEMBL5896
chembl5932,float,high,Predicted probability of binding to protein CHEMBL5932
chembl5936,float,high,Predicted probability of binding to protein CHEMBL5936
chembl5971,float,high,Predicted probability of binding to protein CHEMBL5971
chembl5979,float,high,Predicted probability of binding to protein CHEMBL5979
chembl6009,float,high,Predicted probability of binding to protein CHEMBL6009
chembl6032,float,high,Predicted probability of binding to protein CHEMBL6032
chembl6080,float,high,Predicted probability of binding to protein CHEMBL6080
chembl6110,float,high,Predicted probability of binding to protein CHEMBL6110
chembl6115,float,high,Predicted probability of binding to protein CHEMBL6115
chembl6135,float,high,Predicted probability of binding to protein CHEMBL6135
chembl6136,float,high,Predicted probability of binding to protein CHEMBL6136
chembl6140,float,high,Predicted probability of binding to protein CHEMBL6140
chembl6141,float,high,Predicted probability of binding to protein CHEMBL6141
chembl6164,float,high,Predicted probability of binding to protein CHEMBL6164
chembl6175,float,high,Predicted probability of binding to protein CHEMBL6175
chembl6184,float,high,Predicted probability of binding to protein CHEMBL6184
